Type,Filter,TRUTH.TOTAL,TRUTH.TP,TRUTH.FN,QUERY.TOTAL,QUERY.FP,QUERY.UNK,FP.gt,FP.al,METRIC.Recall,METRIC.Precision,METRIC.Frac_NA,METRIC.F1_Score,TRUTH.TOTAL.TiTv_ratio,QUERY.TOTAL.TiTv_ratio,TRUTH.TOTAL.het_hom_ratio,QUERY.TOTAL.het_hom_ratio
INDEL,ALL,525466,29151,496315,99160,28129,41489,7502,9337,0.055476,0.512251,0.418405,0.100111,,,1.528275734138537,0.7655823373053903
INDEL,PASS,525466,26374,499092,78516,20291,31465,6114,6880,0.050192,0.568745,0.400746,0.09224299999999999,,,1.528275734138537,0.7759637810399231
SNP,ALL,3365115,295708,3069407,488414,66412,126110,54443,1686,0.087875,0.816695,0.258203,0.158676,2.1001288556531157,1.8562993967170183,1.5811958532541182,0.835828193169851
SNP,PASS,3365115,295695,3069420,487555,66286,125392,54431,1614,0.087871,0.816972,0.257185,0.158675,2.1001288556531157,1.8585745515070886,1.5811958532541182,0.836607614021862
