Type,Filter,TRUTH.TOTAL,TRUTH.TP,TRUTH.FN,QUERY.TOTAL,QUERY.FP,QUERY.UNK,FP.gt,FP.al,METRIC.Recall,METRIC.Precision,METRIC.Frac_NA,METRIC.F1_Score,TRUTH.TOTAL.TiTv_ratio,QUERY.TOTAL.TiTv_ratio,TRUTH.TOTAL.het_hom_ratio,QUERY.TOTAL.het_hom_ratio
INDEL,ALL,525466,17527,507939,41654,9994,14181,5785,2358,0.033355,0.636225,0.340447,0.063387,,,1.528275734138537,0.12758004225581018
INDEL,PASS,525466,17527,507939,41654,9994,14181,5785,2358,0.033355,0.636225,0.340447,0.063387,,,1.528275734138537,0.12758004225581018
SNP,ALL,3365115,173891,3191224,300922,53590,73368,52998,347,0.051675,0.764495,0.243811,0.09680599999999999,2.1001288556531157,1.8342185557690134,1.5811958532541182,0.15445950301597777
SNP,PASS,3365115,173891,3191224,300922,53590,73368,52998,347,0.051675,0.764495,0.243811,0.09680599999999999,2.1001288556531157,1.8342185557690134,1.5811958532541182,0.15445950301597777
